{
    "ub_6489892269_46950": {
        "info": {
            "python_exe": "userbots_data\\ub_6489892269_46950\\venv\\Scripts\\python.exe",
            "script": "-m",
            "args": [
                "-m",
                "heroku",
                "https://github.com/hikariatama/hikka.git"
            ],
            "cwd": "C:\\Users\\ALIXAN\\OneDrive\\Desktop\\project\\raxmatjon\\mini-user-host\\userbots_data\\ub_6489892269_46950\\Heroku"
        },
        "pid": null
    },
    "ub_6489892269_7885": {
        "info": {
            "python_exe": "userbots_data\\ub_6489892269_7885\\venv\\Scripts\\python.exe",
            "script": "-m",
            "args": [
                "-m",
                "heroku",
                "https://github.com/hikariatama/hikka.git"
            ],
            "cwd": "C:\\Users\\ALIXAN\\OneDrive\\Desktop\\project\\raxmatjon\\mini-user-host\\userbots_data\\ub_6489892269_7885\\Heroku"
        },
        "pid": null
    },
    "ub_6489892269_8507": {
        "info": {
            "python_exe": "userbots_data\\ub_6489892269_8507\\venv\\Scripts\\python.exe",
            "script": "-m",
            "args": [
                "-m",
                "heroku",
                "https://github.com/hikariatama/hikka.git"
            ],
            "cwd": "C:\\Users\\ALIXAN\\OneDrive\\Desktop\\project\\raxmatjon\\mini-user-host\\userbots_data\\ub_6489892269_8507\\Heroku"
        },
        "pid": null
    },
    "ub_6489892269_178": {
        "info": {
            "python_exe": "userbots_data\\ub_6489892269_178\\venv\\Scripts\\python.exe",
            "script": "-m",
            "args": [
                "-m",
                "heroku",
                "https://github.com/hikariatama/hikka.git"
            ],
            "cwd": "C:\\Users\\ALIXAN\\OneDrive\\Desktop\\project\\raxmatjon\\mini-user-host\\userbots_data\\ub_6489892269_178\\Heroku"
        },
        "pid": null
    },
    "ub_6489892269_616": {
        "info": {
            "python_exe": "userbots_data\\ub_6489892269_616\\venv\\Scripts\\python.exe",
            "script": "-m",
            "args": [
                "-m",
                "heroku",
                "https://github.com/hikariatama/hikka.git"
            ],
            "cwd": "C:\\Users\\ALIXAN\\OneDrive\\Desktop\\project\\raxmatjon\\mini-user-host\\userbots_data\\ub_6489892269_616\\Heroku"
        },
        "pid": null
    },
    "ub_6489892269_839": {
        "info": {
            "python_exe": "userbots_data\\ub_6489892269_839\\venv\\Scripts\\python.exe",
            "script": "-m",
            "args": [
                "heroku",
                "https://github.com/hikariatama/hikka.git"
            ],
            "cwd": "C:\\Users\\ALIXAN\\OneDrive\\Desktop\\project\\raxmatjon\\mini-user-host\\userbots_data\\ub_6489892269_839\\Heroku"
        },
        "pid": null
    },
    "ub_6489892269_1171": {
        "info": {
            "python_exe": "userbots_data\\ub_6489892269_1171\\venv\\Scripts\\python.exe",
            "script": "-m",
            "args": [
                "heroku",
                "https://github.com/hikariatama/hikka.git"
            ],
            "cwd": "C:\\Users\\ALIXAN\\OneDrive\\Desktop\\project\\raxmatjon\\mini-user-host\\userbots_data\\ub_6489892269_1171\\Heroku"
        },
        "pid": 22888
    }
}