{
    "5ef2fd20": {
        "status": "running",
        "ip": "192.168.1.134",
        "os": "Ubuntu 22.04",
        "location": "Germany",
        "plan_id": 7,
        "created_at": "2026-02-05 18:59:55.321120",
        "root_pass": "G&yav!##b7G6",
        "uptime": 0
    },
    "2e52378b": {
        "status": "running",
        "ip": "192.168.1.196",
        "os": "Ubuntu 22.04",
        "location": "Germany",
        "plan_id": 6,
        "created_at": "2026-02-05 19:03:53.314601",
        "root_pass": "12345678",
        "uptime": 0
    },
    "3e832f1e": {
        "status": "running",
        "ip": "192.168.1.217",
        "os": "Ubuntu 22.04",
        "location": "Germany",
        "plan_id": 6,
        "created_at": "2026-02-05 19:08:41.905100",
        "root_pass": "12345678",
        "uptime": 0
    }
}