{
    "ub_6489892269_46950": {
        "info": {
            "python_exe": "userbots_data\\ub_6489892269_46950\\venv\\Scripts\\python.exe",
            "script": "-m",
            "args": [
                "-m",
                "heroku",
                "https://github.com/hikariatama/hikka.git"
            ],
            "cwd": "C:\\Users\\ALIXAN\\OneDrive\\Desktop\\project\\raxmatjon\\mini-user-host\\userbots_data\\ub_6489892269_46950\\Heroku"
        },
        "pid": 41760
    }
}